epoch,num_episodes,total_reward,reward_per_epoch,mean_q
1,4,400,100.0,0.698144704606
2,1,0,0.0,0.598125866707
3,211,21100,100.0,0.509976026416
4,1,0,0.0,1.10454225507
5,1,0,0.0,1.5435085167
6,1,100,100.0,1.31834493689
7,6,600,100.0,1.06773442864
8,11,1100,100.0,0.866373270266
9,3022,302200,100.0,0.834629203435
10,3023,302300,100.0,0.837252492979
