epoch,num_episodes,total_reward,reward_per_epoch,mean_q
1,459,5600,12.2004357298,0.515168976979
2,480,6100,12.7083333333,0.515271287821
3,480,5600,11.6666666667,0.515510223443
4,436,2800,6.42201834862,0.480889693145
5,467,3600,7.70877944325,0.444271333478
6,500,6700,13.4,0.415506093372
7,518,9400,18.1467181467,0.386978540197
8,487,4800,9.85626283368,0.356758170091
9,457,3900,8.53391684902,0.321426317068
