epoch,num_episodes,total_reward,reward_per_epoch,mean_q
1,2058,152000,73.8581146744,0.692094139978
2,8605,841800,97.8268448576,0.936557730045
3,8984,894500,99.5658949243,0.98487333484
4,5257,503200,95.7199923911,0.936423214599
5,13527,1352600,99.9926073778,0.958630259614
6,13644,1364100,99.9780123131,0.964496140052
7,13943,1394100,99.9856558847,0.965803506076
8,13992,1399200,100.0,0.966592585109
9,14054,1405400,100.0,0.966440899223
