epoch,num_episodes,total_reward,reward_per_epoch,mean_q
1,2632,225900,85.8282674772,0.688198757134
2,9614,954300,99.2614936551,0.907388265915
3,2720,222400,81.7647058824,0.963361169882
4,10265,1023200,99.6785192401,0.963313528877
5,12587,1256800,99.8490506078,0.956025538649
6,13769,1376700,99.9854746169,0.965871591419
7,13809,1380700,99.985516692,0.965695394482
8,14015,1401500,100.0,0.965963395312
9,14035,1403500,100.0,0.967136990167
