epoch,num_episodes,total_reward,reward_per_epoch,mean_q
1,545,1391,2.55229357798,0.506397265717
2,257,292,1.13618677043,0.439354467019
3,531,1061,1.99811676083,0.380806721114
4,272,374,1.375,0.388969418728
5,735,916,1.2462585034,0.364709138849
6,259,358,1.38223938224,0.461821199313
7,621,1252,2.01610305958,0.538458756897
8,593,1318,2.22259696459,0.612970515002
9,254,1151,4.53149606299,0.582721645892
10,511,1430,2.79843444227,0.566264526751
11,581,1390,2.39242685026,0.61879237437
