epoch,num_episodes,total_reward,reward_per_epoch,mean_q
1,532,3310,6.22180451128,0.816105118208
2,530,3230,6.09433962264,1.12699713144
