epoch,num_episodes,total_reward,reward_per_epoch,mean_q
1,543,2900,5.34069981584,0.543521820093
2,540,3000,5.55555555556,0.544449289702
