epoch,num_episodes,total_reward,reward_per_epoch,mean_q
1,395,146200,370.126582278,0
2,389,154100,396.143958869,0
3,382,154200,403.664921466,0
