mean_loss,epsilon
0.62615052849,0.999998875
0.23520815198,0.9999916975
0.217305955896,0.99998452
0.212949594823,0.9999773425
0.184725480627,0.999970165
0.182396774445,0.999964315
0.17077856596,0.9999571375
0.182760392395,0.99994996
0.157069074492,0.9999427825
0.159156688369,0.999935605
0.205520651278,0.9999284275
