epoch,num_episodes,total_reward,reward_per_epoch,mean_q
1,431,2500,5.80046403712,0.396643205574
2,433,2700,6.23556581986,0.441897173133
3,454,4300,9.47136563877,0.400648813033
4,427,1900,4.44964871194,0.379414595496
5,459,5000,10.8932461874,0.343460128438
